Index	Label
0	Neurona 0
1	Neurona 1
2	Neurona 2
3	Neurona 3
4	Neurona 4
5	Neurona 5
6	Neurona 6
7	Neurona 7
8	Neurona 8
9	Neurona 9
10	Neurona 10
11	Neurona 11
12	Neurona 12
13	Neurona 13
14	Neurona 14
15	Neurona 15
16	Neurona 16
17	Neurona 17
18	Neurona 18
19	Neurona 19
20	Neurona 20
21	Neurona 21
22	Neurona 22
23	Neurona 23
24	Neurona 24
25	Neurona 25
26	Neurona 26
27	Neurona 27
28	Neurona 28
29	Neurona 29
30	Neurona 30
31	Neurona 31
32	Neurona 32
33	Neurona 33
34	Neurona 34
35	Neurona 35
36	Neurona 36
37	Neurona 37
38	Neurona 38
39	Neurona 39
40	Neurona 40
41	Neurona 41
42	Neurona 42
43	Neurona 43
44	Neurona 44
45	Neurona 45
46	Neurona 46
47	Neurona 47
48	Neurona 48
49	Neurona 49
50	Neurona 50
51	Neurona 51
52	Neurona 52
53	Neurona 53
54	Neurona 54
55	Neurona 55
56	Neurona 56
57	Neurona 57
58	Neurona 58
59	Neurona 59
60	Neurona 60
61	Neurona 61
62	Neurona 62
63	Neurona 63
64	Neurona 64
65	Neurona 65
66	Neurona 66
67	Neurona 67
68	Neurona 68
69	Neurona 69
70	Neurona 70
71	Neurona 71
72	Neurona 72
73	Neurona 73
74	Neurona 74
75	Neurona 75
76	Neurona 76
77	Neurona 77
78	Neurona 78
79	Neurona 79
80	Neurona 80
81	Neurona 81
82	Neurona 82
83	Neurona 83
84	Neurona 84
85	Neurona 85
86	Neurona 86
87	Neurona 87
88	Neurona 88
89	Neurona 89
90	Neurona 90
91	Neurona 91
92	Neurona 92
93	Neurona 93
94	Neurona 94
95	Neurona 95
96	Neurona 96
97	Neurona 97
98	Neurona 98
99	Neurona 99
100	Neurona 100
101	Neurona 101
102	Neurona 102
103	Neurona 103
104	Neurona 104
105	Neurona 105
106	Neurona 106
107	Neurona 107
108	Neurona 108
109	Neurona 109
110	Neurona 110
111	Neurona 111
112	Neurona 112
113	Neurona 113
114	Neurona 114
115	Neurona 115
116	Neurona 116
117	Neurona 117
118	Neurona 118
119	Neurona 119
120	Neurona 120
121	Neurona 121
122	Neurona 122
123	Neurona 123
124	Neurona 124
125	Neurona 125
126	Neurona 126
127	Neurona 127
128	Neurona 128
129	Neurona 129
130	Neurona 130
131	Neurona 131
132	Neurona 132
133	Neurona 133
134	Neurona 134
135	Neurona 135
136	Neurona 136
137	Neurona 137
138	Neurona 138
139	Neurona 139
140	Neurona 140
141	Neurona 141
142	Neurona 142
143	Neurona 143
144	Neurona 144
145	Neurona 145
146	Neurona 146
147	Neurona 147
148	Neurona 148
149	Neurona 149
150	Neurona 150
151	Neurona 151
152	Neurona 152
153	Neurona 153
154	Neurona 154
155	Neurona 155
156	Neurona 156
157	Neurona 157
158	Neurona 158
159	Neurona 159
160	Neurona 160
161	Neurona 161
162	Neurona 162
163	Neurona 163
164	Neurona 164
165	Neurona 165
166	Neurona 166
167	Neurona 167
168	Neurona 168
169	Neurona 169
170	Neurona 170
171	Neurona 171
172	Neurona 172
173	Neurona 173
174	Neurona 174
175	Neurona 175
176	Neurona 176
177	Neurona 177
178	Neurona 178
179	Neurona 179
180	Neurona 180
181	Neurona 181
182	Neurona 182
183	Neurona 183
184	Neurona 184
185	Neurona 185
186	Neurona 186
187	Neurona 187
188	Neurona 188
189	Neurona 189
190	Neurona 190
191	Neurona 191
192	Neurona 192
193	Neurona 193
194	Neurona 194
195	Neurona 195
196	Neurona 196
197	Neurona 197
198	Neurona 198
199	Neurona 199
200	Neurona 200
201	Neurona 201
202	Neurona 202
203	Neurona 203
204	Neurona 204
205	Neurona 205
206	Neurona 206
207	Neurona 207
208	Neurona 208
209	Neurona 209
210	Neurona 210
211	Neurona 211
212	Neurona 212
213	Neurona 213
214	Neurona 214
215	Neurona 215
216	Neurona 216
217	Neurona 217
218	Neurona 218
219	Neurona 219
220	Neurona 220
221	Neurona 221
222	Neurona 222
223	Neurona 223
224	Neurona 224
225	Neurona 225
226	Neurona 226
227	Neurona 227
228	Neurona 228
229	Neurona 229
230	Neurona 230
231	Neurona 231
232	Neurona 232
233	Neurona 233
234	Neurona 234
235	Neurona 235
236	Neurona 236
237	Neurona 237
238	Neurona 238
239	Neurona 239
240	Neurona 240
241	Neurona 241
242	Neurona 242
243	Neurona 243
244	Neurona 244
245	Neurona 245
246	Neurona 246
247	Neurona 247
248	Neurona 248
249	Neurona 249
250	Neurona 250
251	Neurona 251
252	Neurona 252
253	Neurona 253
254	Neurona 254
255	Neurona 255
256	Neurona 256
257	Neurona 257
258	Neurona 258
259	Neurona 259
260	Neurona 260
261	Neurona 261
262	Neurona 262
263	Neurona 263
264	Neurona 264
265	Neurona 265
266	Neurona 266
267	Neurona 267
268	Neurona 268
269	Neurona 269
